date,home,away,venue,is_final,ml_home_prob,ml_margin,ml_total,ml_confidence,ml_home_odds,ml_away_odds,mkt_home_open,mkt_away_open,mkt_home_prob,home_line_open,total_line_open,ev_home,ev_away,handicap_edge,total_edge,actual_home_score,actual_away_score,actual_margin,actual_total,actual_home_win,home_covers,over_hit
2025-03-07,Sydney Swans,Hawthorn Hawks,SCG,0,0.3922,10.4,180.9,0.6078,2.549,1.645,1.85,1.97,0.5157,-1.5,170.5,-0.2743,0.1973,8.9,10.4,76.0,96.0,-20.0,172.0,0,0,1
2025-03-09,Greater Western Sydney Giants,Collingwood Magpies,ENGIE Stadium,0,0.6234,13.8,162.7,0.6234,1.604,2.655,1.68,2.2,0.567,-7.5,169.5,0.0472,-0.1714,6.3,-6.8,104.0,52.0,52.0,156.0,1,1,0
2025-03-13,Richmond Tigers,Carlton Blues,MCG,0,0.5124,-4.1,164.5,0.5124,1.951,2.051,9.5,1.06,0.1004,46.5,176.5,3.8681,-0.4832,42.4,-12.0,82.0,69.0,13.0,151.0,1,1,0
2025-03-14,Hawthorn Hawks,Essendon Bombers,MCG,0,0.8615,30.1,202.4,0.8615,1.161,7.222,1.31,3.5,0.7277,-20.5,170.5,0.1286,-0.5154,9.6,31.9,111.0,85.0,26.0,196.0,1,1,1
2025-03-15,Geelong Cats,Fremantle Dockers,GMHBA Stadium,0,0.5878,-6.1,152.6,0.5878,1.701,2.426,1.54,2.5,0.6188,-10.5,170.5,-0.0948,0.0305,-16.6,-17.9,147.0,69.0,78.0,216.0,1,1,1
2025-03-15,Sydney Swans,Brisbane Lions,SCG,0,0.7818,14.0,147.2,0.7818,1.279,4.583,1.82,2.0,0.5236,1.5,176.5,0.4229,-0.5636,15.5,-29.3,82.0,86.0,-4.0,168.0,0,0,0
2025-03-15,Collingwood Magpies,Port Adelaide Power,MCG,0,0.642,18.3,173.7,0.642,1.558,2.793,1.62,2.3,0.5867,-8.5,165.5,0.04,-0.1765,9.8,8.2,136.0,45.0,91.0,181.0,1,1,1
2025-03-15,Western Bulldogs,North Melbourne Kangaroos,Marvel Stadium,0,0.9688,42.6,187.2,0.9688,1.032,32.088,1.22,4.35,0.781,-26.5,174.5,0.182,-0.8644,16.1,12.7,113.0,97.0,16.0,210.0,1,0,1
2025-03-16,Adelaide Crows,St Kilda Saints,Adelaide Oval,0,0.6809,19.4,156.1,0.6809,1.469,3.134,1.42,2.9,0.6713,-15.5,159.5,-0.0331,-0.0747,3.9,-3.4,135.0,72.0,63.0,207.0,1,1,1
2025-03-16,West Coast Eagles,Gold Coast Suns,Optus Stadium,0,0.6822,11.5,160.7,0.6822,1.466,3.147,2.7,1.47,0.3525,13.5,166.5,0.842,-0.5329,25.0,-5.8,49.0,136.0,-87.0,185.0,0,0,1
2025-03-16,Melbourne Demons,Greater Western Sydney Giants,MCG,0,0.6454,-5.3,168.6,0.6454,1.549,2.82,2.4,1.58,0.397,9.5,165.5,0.5491,-0.4398,4.2,3.1,74.0,77.0,-3.0,151.0,0,1,0
2025-03-20,Carlton Blues,Hawthorn Hawks,MCG,0,0.7112,-0.6,154.7,0.7112,1.406,3.463,2.3,1.62,0.4133,8.5,170.5,0.6358,-0.5322,7.9,-15.8,60.0,80.0,-20.0,140.0,0,0,0
2025-03-21,Western Bulldogs,Collingwood Magpies,MCG,0,0.5024,-5.1,178.3,0.5024,1.99,2.01,2.0,1.82,0.4764,2.5,176.5,0.0048,-0.0944,-2.6,1.8,70.0,76.0,-6.0,146.0,0,0,0
2025-03-22,Essendon Bombers,Adelaide Crows,MCG,0,0.5823,2.5,168.3,0.5823,1.717,2.394,1.8,2.02,0.5288,-2.5,176.5,0.0481,-0.1562,0.0,-8.2,100.0,161.0,-61.0,261.0,0,0,1
2025-03-22,Port Adelaide Power,Richmond Tigers,Adelaide Oval,0,0.7455,24.1,153.7,0.7455,1.341,3.929,1.05,10.0,0.905,-48.5,176.5,-0.2172,1.5451,-24.4,-22.8,140.0,68.0,72.0,208.0,1,1,1
2025-03-22,St Kilda Saints,Geelong Cats,Marvel Stadium,0,0.2861,-11.9,159.9,0.7139,3.496,1.401,2.6,1.5,0.3659,12.5,173.5,-0.2563,0.0709,0.6,-13.6,98.0,91.0,7.0,189.0,1,1,1
2025-03-23,Brisbane Lions,West Coast Eagles,Gabba,0,0.9951,69.0,179.8,0.9951,1.005,,1.05,10.0,0.905,-49.5,175.5,0.0448,-0.9506,19.5,4.3,94.0,75.0,19.0,169.0,1,0,0
2025-03-23,Fremantle Dockers,Sydney Swans,Optus Stadium,0,0.5406,-4.5,167.3,0.5406,1.85,2.177,1.68,2.2,0.567,-6.5,164.5,-0.0918,0.0106,-11.0,2.8,65.0,68.0,-3.0,133.0,0,0,0
2025-03-23,North Melbourne Kangaroos,Melbourne Demons,Marvel Stadium,0,0.3258,-22.8,180.7,0.6742,3.069,1.483,3.2,1.36,0.2982,18.5,173.5,0.0425,-0.0831,-4.3,7.2,125.0,66.0,59.0,191.0,1,1,1
2025-03-27,Essendon Bombers,Port Adelaide Power,Marvel Stadium,0,0.2494,-30.3,144.6,0.7506,4.009,1.332,1.97,1.85,0.4843,1.5,175.5,-0.5086,0.3886,-28.8,-30.9,72.0,60.0,12.0,132.0,1,1,0
2025-03-28,Carlton Blues,Western Bulldogs,Marvel Stadium,0,0.5868,-1.0,162.0,0.5868,1.704,2.42,1.89,1.93,0.5052,-1.5,170.5,0.1091,-0.2025,-2.5,-8.5,75.0,83.0,-8.0,158.0,0,0,0
2025-03-29,Melbourne Demons,Gold Coast Suns,MCG,0,0.6771,-5.1,184.3,0.6771,1.477,3.097,1.68,2.2,0.567,-6.5,170.5,0.1376,-0.2897,-11.6,13.8,62.0,120.0,-58.0,182.0,0,0,1
2025-03-29,St Kilda Saints,Richmond Tigers,Marvel Stadium,0,0.8383,33.7,162.5,0.8383,1.193,6.186,1.31,3.5,0.7277,-20.5,174.5,0.0982,-0.4342,13.2,-12.0,135.0,53.0,82.0,188.0,1,1,1
2025-03-29,Brisbane Lions,Geelong Cats,Gabba,0,0.6551,5.9,178.2,0.6551,1.526,2.9,1.52,2.55,0.6265,-11.5,160.5,-0.0042,-0.1205,-5.6,17.7,70.0,61.0,9.0,131.0,1,0,0
2025-03-29,Hawthorn Hawks,Greater Western Sydney Giants,UTAS Stadium,0,0.4604,-3.0,155.9,0.5396,2.172,1.853,1.5,2.6,0.6341,-12.5,166.5,-0.3094,0.403,-15.5,-10.6,76.0,64.0,12.0,140.0,1,0,0
2025-03-30,Adelaide Crows,North Melbourne Kangaroos,Adelaide Oval,0,0.9526,47.9,190.2,0.9526,1.05,21.087,1.13,6.0,0.8415,-35.5,188.5,0.0764,-0.7155,12.4,1.7,114.0,78.0,36.0,192.0,1,1,1
2025-03-30,West Coast Eagles,Fremantle Dockers,Optus Stadium,0,0.1099,-21.1,171.7,0.8901,9.096,1.124,4.5,1.21,0.2119,27.5,167.5,-0.5053,0.077,6.4,4.2,68.0,106.0,-38.0,174.0,0,0,1
2025-04-03,Collingwood Magpies,Carlton Blues,MCG,0,0.4956,0.6,142.0,0.5044,2.018,1.983,1.54,2.5,0.6188,-10.5,167.5,-0.2368,0.261,-9.9,-25.5,63.0,46.0,17.0,109.0,1,1,0
2025-04-04,Geelong Cats,Melbourne Demons,GMHBA Stadium,0,0.7855,18.5,154.1,0.7855,1.273,4.662,1.28,3.75,0.7455,-22.5,173.5,0.0055,-0.1957,-4.0,-19.4,85.0,46.0,39.0,131.0,1,1,0
2025-04-05,Gold Coast Suns,Adelaide Crows,People First Stadium,0,0.6517,8.1,153.5,0.6517,1.534,2.871,1.82,2.0,0.5236,-2.5,185.5,0.1862,-0.3035,5.6,-32.0,91.0,90.0,1.0,181.0,1,0,0
2025-04-05,Richmond Tigers,Brisbane Lions,MCG,0,0.1354,-23.9,169.9,0.8646,7.387,1.157,6.5,1.11,0.1459,37.5,177.5,-0.1201,-0.0403,13.6,-7.6,90.0,118.0,-28.0,208.0,0,1,1
2025-04-05,North Melbourne Kangaroos,Sydney Swans,Marvel Stadium,0,0.1617,-2.1,173.8,0.8383,6.185,1.193,2.5,1.54,0.3812,10.5,175.5,-0.5958,0.291,8.4,-1.7,52.0,117.0,-65.0,169.0,0,0,0
2025-04-06,Greater Western Sydney Giants,West Coast Eagles,ENGIE Stadium,0,0.9904,76.5,190.7,0.9904,1.01,,1.08,8.0,0.8811,-42.5,174.5,0.0697,-0.9234,34.0,16.2,132.0,51.0,81.0,183.0,1,1,1
2025-04-06,Port Adelaide Power,St Kilda Saints,Adelaide Oval,0,0.591,14.9,159.3,0.591,1.692,2.445,1.42,2.9,0.6713,-15.5,167.5,-0.1608,0.1862,-0.6,-8.2,72.0,89.0,-17.0,161.0,0,0,0
2025-04-06,Fremantle Dockers,Western Bulldogs,Optus Stadium,0,0.3651,-1.1,153.2,0.6349,2.739,1.575,1.72,2.15,0.5556,-5.5,168.5,-0.3721,0.3651,-6.6,-15.3,97.0,81.0,16.0,178.0,1,1,1
2025-04-10,Adelaide Crows,Geelong Cats,Adelaide Oval,0,0.5325,-0.9,151.8,0.5325,1.878,2.139,1.68,2.2,0.567,-6.5,179.5,-0.1054,0.0285,-7.4,-27.7,100.0,119.0,-19.0,219.0,0,0,1
2025-04-11,Collingwood Magpies,Sydney Swans,Adelaide Oval,0,0.7203,9.6,170.5,0.7203,1.388,3.575,1.54,2.5,0.6188,-10.5,170.5,0.1093,-0.3008,-0.9,-0.0,109.0,78.0,31.0,187.0,1,1,1
2025-04-12,North Melbourne Kangaroos,Gold Coast Suns,Barossa Park,0,0.028,-53.9,182.6,0.972,35.656,1.029,3.0,1.4,0.3182,16.5,181.5,-0.9159,0.3607,-37.4,1.1,89.0,141.0,-52.0,230.0,0,0,1
2025-04-12,Carlton Blues,West Coast Eagles,Adelaide Oval,0,0.9159,46.7,169.8,0.9159,1.092,11.89,1.153,5.5,0.8267,-32.5,176.5,0.056,-0.5374,14.2,-6.7,121.0,50.0,71.0,171.0,1,1,0
2025-04-12,Western Bulldogs,Brisbane Lions,Norwood Oval,0,0.4735,-3.4,162.9,0.5265,2.112,1.9,2.4,1.58,0.397,9.5,172.5,0.1365,-0.1682,6.1,-9.6,97.0,118.0,-21.0,215.0,0,0,1
2025-04-12,Melbourne Demons,Essendon Bombers,Adelaide Oval,0,0.4919,7.1,164.1,0.5081,2.033,1.968,1.91,1.91,0.5,-1.5,169.5,-0.0605,-0.0295,5.6,-5.4,57.0,96.0,-39.0,153.0,0,0,0
2025-04-13,Richmond Tigers,Fremantle Dockers,Barossa Park,0,0.0497,-61.9,185.3,0.9503,20.115,1.052,6.0,1.13,0.1585,35.5,176.5,-0.7017,0.0738,-26.4,8.8,47.0,108.0,-61.0,155.0,0,0,0
2025-04-13,St Kilda Saints,Greater Western Sydney Giants,Norwood Oval,0,0.3671,7.9,185.1,0.6329,2.724,1.58,3.1,1.38,0.308,17.5,168.5,0.1379,-0.1265,25.4,16.6,82.0,110.0,-28.0,192.0,0,0,1
2025-04-13,Port Adelaide Power,Hawthorn Hawks,Adelaide Oval,0,0.6502,18.3,150.4,0.6502,1.538,2.859,2.7,1.47,0.3525,13.5,172.5,0.7555,-0.4857,31.8,-22.1,121.0,91.0,30.0,212.0,1,1,1
2025-04-17,Brisbane Lions,Collingwood Magpies,Gabba,0,0.8212,12.6,166.1,0.8212,1.218,5.591,1.5,2.6,0.6341,-12.5,174.5,0.2317,-0.535,0.1,-8.4,53.0,105.0,-52.0,158.0,0,0,0
2025-04-18,North Melbourne Kangaroos,Carlton Blues,Marvel Stadium,0,0.1702,-18.3,163.5,0.8298,5.877,1.205,2.9,1.42,0.3287,15.5,178.5,-0.5065,0.1784,-2.8,-15.0,71.0,153.0,-82.0,224.0,0,0,1
2025-04-18,West Coast Eagles,Essendon Bombers,Optus Stadium,0,0.1521,-50.9,166.3,0.8479,6.574,1.179,3.35,1.333,0.2846,19.5,176.5,-0.4904,0.1302,-31.4,-10.2,75.0,77.0,-2.0,152.0,0,1,0
2025-04-19,Melbourne Demons,Fremantle Dockers,MCG,0,0.5091,4.5,168.6,0.5091,1.964,2.037,2.1,1.75,0.4545,4.5,166.5,0.0692,-0.141,9.0,2.1,107.0,97.0,10.0,204.0,1,1,1
2025-04-19,Adelaide Crows,Greater Western Sydney Giants,Adelaide Oval,0,0.6144,5.4,150.9,0.6144,1.628,2.594,1.72,2.15,0.5556,-5.5,185.5,0.0568,-0.171,-0.1,-34.6,52.0,34.0,18.0,86.0,1,1,0
2025-04-19,Richmond Tigers,Gold Coast Suns,Marvel Stadium,0,0.1016,-26.7,161.2,0.8984,9.84,1.113,6.25,1.12,0.152,36.5,184.5,-0.3648,0.0062,9.8,-23.3,80.0,69.0,11.0,149.0,1,1,0
2025-04-20,Sydney Swans,Port Adelaide Power,SCG,0,0.7532,22.5,161.7,0.7532,1.328,4.051,1.333,3.35,0.7154,-19.5,170.5,0.004,-0.1731,3.0,-8.8,77.0,85.0,-8.0,162.0,0,0,0
2025-04-20,Western Bulldogs,St Kilda Saints,Marvel Stadium,0,0.6867,1.5,156.4,0.6867,1.456,3.192,1.68,2.2,0.567,-6.5,181.5,0.1537,-0.3108,-5.0,-25.1,127.0,56.0,71.0,183.0,1,1,1
2025-04-21,Geelong Cats,Hawthorn Hawks,MCG,0,0.7762,10.8,155.4,0.7762,1.288,4.468,2.15,1.72,0.4444,5.5,175.5,0.6688,-0.615,16.3,-20.1,86.0,79.0,7.0,165.0,1,1,0
2025-04-24,Melbourne Demons,Richmond Tigers,MCG,0,0.614,-3.9,166.0,0.614,1.629,2.591,1.333,3.35,0.7154,-19.5,176.5,-0.1815,0.2931,-23.4,-10.5,83.0,63.0,20.0,146.0,1,1,0
2025-04-25,Collingwood Magpies,Essendon Bombers,MCG,0,0.6761,12.5,172.0,0.6761,1.479,3.088,1.38,3.1,0.692,-17.5,168.5,-0.067,0.004,-5.0,3.5,107.0,66.0,41.0,173.0,1,1,1
2025-04-25,Fremantle Dockers,Adelaide Crows,Optus Stadium,0,0.5832,-7.0,163.2,0.5832,1.715,2.399,1.78,2.05,0.5352,-3.5,178.5,0.038,-0.1455,-10.5,-15.3,85.0,67.0,18.0,152.0,1,1,0
2025-04-26,St Kilda Saints,Brisbane Lions,Marvel Stadium,0,0.3207,-17.9,146.9,0.6793,3.118,1.472,2.6,1.5,0.3659,12.5,180.5,-0.1662,0.0189,-5.4,-33.6,73.0,118.0,-45.0,191.0,0,0,1
2025-04-26,Port Adelaide Power,North Melbourne Kangaroos,Adelaide Oval,0,0.9001,39.2,179.4,0.9001,1.111,10.011,1.17,5.25,0.8178,-30.5,184.5,0.0531,-0.4756,8.7,-5.1,97.0,88.0,9.0,185.0,1,0,1
2025-04-26,Greater Western Sydney Giants,Western Bulldogs,Manuka Oval,0,0.4101,1.0,156.7,0.5899,2.438,1.695,1.5,2.6,0.6341,-12.5,173.5,-0.3848,0.5336,-11.5,-16.8,81.0,113.0,-32.0,194.0,0,0,1
2025-04-27,Gold Coast Suns,Sydney Swans,People First Stadium,0,0.6503,-2.8,143.7,0.6503,1.538,2.86,1.52,2.55,0.6265,-11.5,175.5,-0.0115,-0.1083,-14.3,-31.8,117.0,79.0,38.0,196.0,1,1,1
2025-04-27,Carlton Blues,Geelong Cats,MCG,0,0.8414,10.7,170.7,0.8414,1.189,6.304,2.6,1.5,0.3659,12.5,174.5,1.1876,-0.7621,23.2,-3.8,94.0,76.0,18.0,170.0,1,1,0
2025-04-27,Hawthorn Hawks,West Coast Eagles,Marvel Stadium,0,0.8092,45.2,162.0,0.8092,1.236,5.24,1.02,15.0,0.9363,-60.5,180.5,-0.1746,1.8624,-15.3,-18.5,124.0,74.0,50.0,198.0,1,0,1
2025-05-01,Essendon Bombers,North Melbourne Kangaroos,Marvel Stadium,0,0.7984,20.6,165.3,0.7984,1.253,4.96,1.38,3.1,0.692,-17.5,184.5,0.1018,-0.375,3.1,-19.2,65.0,62.0,3.0,127.0,1,0,0
2025-05-02,St Kilda Saints,Fremantle Dockers,Marvel Stadium,0,0.5973,3.4,161.9,0.5973,1.674,2.483,1.85,1.97,0.5157,-1.5,174.5,0.1049,-0.2066,1.9,-12.6,94.0,33.0,61.0,127.0,1,1,0
2025-05-03,Western Bulldogs,Port Adelaide Power,Mars Stadium,0,0.6792,26.0,167.2,0.6792,1.472,3.117,1.4,3.0,0.6818,-16.5,170.5,-0.0492,-0.0375,9.5,-3.3,131.0,41.0,90.0,172.0,1,1,1
2025-05-03,Adelaide Crows,Carlton Blues,Adelaide Oval,0,0.6493,3.3,164.8,0.6493,1.54,2.851,1.4,3.0,0.6818,-16.5,174.5,-0.091,0.0521,-13.2,-9.7,110.0,50.0,60.0,160.0,1,1,0
2025-05-03,West Coast Eagles,Melbourne Demons,Optus Stadium,0,0.0953,-31.6,150.8,0.9047,10.491,1.105,2.8,1.44,0.3396,14.5,161.5,-0.7331,0.3027,-17.1,-10.7,76.0,108.0,-32.0,184.0,0,0,1
2025-05-03,Collingwood Magpies,Geelong Cats,MCG,0,0.8424,13.1,173.7,0.8424,1.187,6.347,1.78,2.05,0.5352,-3.5,171.5,0.4995,-0.677,9.6,2.2,87.0,90.0,-3.0,177.0,0,0,1
2025-05-04,Sydney Swans,Greater Western Sydney Giants,SCG,0,0.378,-4.8,157.4,0.622,2.645,1.608,2.2,1.68,0.433,6.5,169.5,-0.1684,0.0449,1.7,-12.1,87.0,73.0,14.0,160.0,1,1,0
2025-05-04,Hawthorn Hawks,Richmond Tigers,MCG,0,0.9228,32.7,172.9,0.9228,1.084,12.946,1.05,10.0,0.905,-49.5,177.5,-0.0311,-0.2276,-16.8,-4.6,109.0,44.0,65.0,153.0,1,1,0
2025-05-04,Brisbane Lions,Gold Coast Suns,Gabba,0,0.79,10.2,181.9,0.79,1.266,4.761,1.5,2.6,0.6341,-12.5,175.5,0.1849,-0.4539,-2.3,6.4,66.0,49.0,17.0,115.0,1,1,0
2025-05-08,Fremantle Dockers,Collingwood Magpies,Optus Stadium,0,0.3563,-19.5,175.8,0.6437,2.807,1.553,2.1,1.75,0.4545,4.5,163.5,-0.2518,0.1265,-15.0,12.3,83.0,97.0,-14.0,180.0,0,0,1
2025-05-09,St Kilda Saints,Carlton Blues,MCG,0,0.531,-12.3,168.8,0.531,1.883,2.132,2.9,1.42,0.3287,15.5,167.5,0.5398,-0.334,3.2,1.3,62.0,77.0,-15.0,139.0,0,1,0
2025-05-10,Melbourne Demons,Hawthorn Hawks,MCG,0,0.6513,-16.5,173.9,0.6513,1.535,2.868,3.5,1.31,0.2723,20.5,169.5,1.2795,-0.5432,4.0,4.4,56.0,91.0,-35.0,147.0,0,0,0
2025-05-10,Essendon Bombers,Sydney Swans,Marvel Stadium,0,0.5889,11.1,172.3,0.5889,1.698,2.432,2.15,1.72,0.4444,5.5,171.5,0.2661,-0.2929,16.6,0.8,71.0,63.0,8.0,134.0,1,1,0
2025-05-10,Gold Coast Suns,Western Bulldogs,TIO Stadium,0,0.2875,3.2,156.0,0.7125,3.479,1.403,1.82,2.0,0.5236,-2.5,179.5,-0.4768,0.4251,0.7,-23.5,106.0,96.0,10.0,202.0,1,1,1
2025-05-10,Port Adelaide Power,Adelaide Crows,Adelaide Oval,0,0.5713,11.8,173.8,0.5713,1.75,2.333,2.05,1.78,0.4648,3.5,173.5,0.1712,-0.2369,15.3,0.3,84.0,89.0,-5.0,173.0,0,0,0
2025-05-11,Richmond Tigers,West Coast Eagles,MCG,0,0.568,4.6,167.5,0.568,1.761,2.315,1.54,2.5,0.6188,-10.5,171.5,-0.1253,0.08,-5.9,-4.0,81.0,79.0,2.0,160.0,1,0,0
2025-05-11,Geelong Cats,Greater Western Sydney Giants,GMHBA Stadium,0,0.4133,-2.0,155.8,0.5867,2.419,1.705,1.5,2.6,0.6341,-12.5,174.5,-0.38,0.5253,-14.5,-18.7,101.0,105.0,-4.0,206.0,0,0,1
2025-05-11,North Melbourne Kangaroos,Brisbane Lions,Ninja Stadium,0,0.0396,-69.1,156.5,0.9604,25.229,1.041,6.0,1.13,0.1585,35.5,178.5,-0.7622,0.0852,-33.6,-22.0,71.0,71.0,0.0,142.0,0,1,0
2025-05-15,Gold Coast Suns,Hawthorn Hawks,TIO Stadium,0,0.4459,1.7,136.0,0.5541,2.243,1.805,2.0,1.82,0.4764,2.5,184.5,-0.1083,0.0085,4.2,-48.5,104.0,96.0,8.0,200.0,1,1,1
2025-05-16,Sydney Swans,Carlton Blues,SCG,0,0.4215,-6.7,158.5,0.5785,2.373,1.729,1.58,2.4,0.603,-9.5,163.5,-0.3341,0.3884,-16.2,-5.0,78.0,62.0,16.0,140.0,1,1,0
2025-05-17,Collingwood Magpies,Adelaide Crows,MCG,0,0.8102,16.8,167.6,0.8102,1.234,5.268,1.44,2.8,0.6604,-14.5,175.5,0.1667,-0.4685,2.3,-7.9,78.0,68.0,10.0,146.0,1,0,0
2025-05-17,Port Adelaide Power,Geelong Cats,Adelaide Oval,0,0.4804,2.0,155.2,0.5196,2.081,1.925,2.25,1.65,0.4231,7.5,179.5,0.081,-0.1427,9.5,-24.3,39.0,115.0,-76.0,154.0,0,0,0
2025-05-17,Greater Western Sydney Giants,Fremantle Dockers,ENGIE Stadium,0,0.6286,11.8,157.7,0.6286,1.591,2.693,1.44,2.8,0.6604,-14.5,174.5,-0.0948,0.0398,-2.7,-16.8,61.0,95.0,-34.0,156.0,0,0,0
2025-05-17,Western Bulldogs,Essendon Bombers,Marvel Stadium,0,0.6099,7.9,163.1,0.6099,1.64,2.563,1.28,3.75,0.7455,-22.5,176.5,-0.2194,0.463,-14.6,-13.4,127.0,36.0,91.0,163.0,1,1,0
2025-05-18,Richmond Tigers,North Melbourne Kangaroos,MCG,0,0.7017,13.2,171.6,0.7017,1.425,3.353,2.15,1.72,0.4444,5.5,171.5,0.5087,-0.487,18.7,0.1,74.0,78.0,-4.0,152.0,0,1,0
2025-05-18,West Coast Eagles,St Kilda Saints,Optus Stadium,0,0.0742,-39.8,156.0,0.9258,13.481,1.08,3.5,1.31,0.2723,20.5,169.5,-0.7404,0.2128,-19.3,-13.5,108.0,80.0,28.0,188.0,1,1,1
2025-05-18,Brisbane Lions,Melbourne Demons,Gabba,0,0.8621,27.3,172.1,0.8621,1.16,7.254,1.17,5.25,0.8178,-31.5,177.5,0.0087,-0.2762,-4.2,-5.4,88.0,99.0,-11.0,187.0,0,0,1
2025-05-22,Geelong Cats,Western Bulldogs,GMHBA Stadium,0,0.5981,3.7,169.6,0.5981,1.672,2.488,1.54,2.5,0.6188,-10.5,177.5,-0.0789,0.0047,-6.8,-7.9,127.0,113.0,14.0,240.0,1,1,1
2025-05-23,Essendon Bombers,Richmond Tigers,MCG,0,0.5137,-3.3,162.2,0.5137,1.946,2.057,1.28,3.75,0.7455,-22.5,163.5,-0.3424,0.8235,-25.8,-1.3,81.0,58.0,23.0,139.0,1,1,0
2025-05-24,Carlton Blues,Greater Western Sydney Giants,Marvel Stadium,0,0.5929,15.7,167.5,0.5929,1.687,2.457,1.85,1.97,0.5157,-1.5,168.5,0.0969,-0.1981,14.2,-1.0,82.0,110.0,-28.0,192.0,0,0,1
2025-05-24,Hawthorn Hawks,Brisbane Lions,MCG,0,0.5036,-8.8,158.6,0.5036,1.986,2.015,1.65,2.25,0.5769,-7.5,172.5,-0.169,0.1169,-16.3,-13.9,60.0,93.0,-33.0,153.0,0,0,0
2025-05-24,Fremantle Dockers,Port Adelaide Power,Optus Stadium,0,0.871,29.9,166.5,0.871,1.148,7.751,1.58,2.4,0.603,-9.5,167.5,0.3762,-0.6904,20.4,-1.0,100.0,51.0,49.0,151.0,1,1,0
2025-05-24,North Melbourne Kangaroos,Collingwood Magpies,Marvel Stadium,0,0.2734,-9.6,158.7,0.7266,3.658,1.376,5.75,1.14,0.1655,34.5,175.5,0.5718,-0.1716,24.9,-16.8,63.0,108.0,-45.0,171.0,0,0,0
2025-05-25,Adelaide Crows,West Coast Eagles,Adelaide Oval,0,0.87,29.9,180.1,0.87,1.149,7.69,1.04,11.0,0.9136,-52.5,165.5,-0.0952,0.4305,-22.6,14.6,128.0,62.0,66.0,190.0,1,1,1
2025-05-25,Melbourne Demons,Sydney Swans,MCG,0,0.793,16.8,168.8,0.793,1.261,4.83,2.1,1.75,0.4545,4.5,170.5,0.6652,-0.6377,21.3,-1.7,131.0,78.0,53.0,209.0,1,1,1
2025-05-25,St Kilda Saints,Gold Coast Suns,Marvel Stadium,0,0.7857,9.7,154.6,0.7857,1.273,4.665,2.1,1.75,0.4545,4.5,170.5,0.6499,-0.6249,14.2,-15.9,61.0,80.0,-19.0,141.0,0,0,0
2025-05-29,Brisbane Lions,Essendon Bombers,Gabba,0,0.9353,39.4,176.2,0.9353,1.069,15.456,1.153,5.5,0.8267,-32.5,174.5,0.0784,-0.6441,6.9,1.7,90.0,72.0,18.0,162.0,1,0,0
2025-05-30,Collingwood Magpies,Hawthorn Hawks,MCG,0,0.7498,6.2,160.7,0.7498,1.334,3.996,1.78,2.05,0.5352,-3.5,170.5,0.3346,-0.487,2.7,-9.8,107.0,56.0,51.0,163.0,1,1,0
2025-05-31,Gold Coast Suns,Fremantle Dockers,People First Stadium,0,0.5934,12.3,155.7,0.5934,1.685,2.459,1.47,2.7,0.6475,-13.5,182.5,-0.1277,0.0978,-1.2,-26.8,64.0,75.0,-11.0,139.0,0,0,0
2025-05-31,Greater Western Sydney Giants,Richmond Tigers,ENGIE Stadium,0,0.9699,50.1,171.7,0.9699,1.031,33.171,1.07,8.5,0.8882,-44.5,173.5,0.0377,-0.7438,5.6,-1.8,80.0,77.0,3.0,157.0,1,0,0
2025-05-31,Sydney Swans,Adelaide Crows,SCG,0,0.4304,-10.1,169.8,0.5696,2.324,1.755,1.82,2.0,0.5236,-2.5,174.5,-0.2168,0.1393,-12.6,-4.7,41.0,131.0,-90.0,172.0,0,0,0
2025-06-01,Melbourne Demons,St Kilda Saints,TIO Stadium,0,0.791,24.2,163.5,0.791,1.264,4.784,1.65,2.25,0.5769,-7.5,169.5,0.3051,-0.5297,16.7,-6.0,63.0,91.0,-28.0,154.0,0,0,0
2025-06-01,West Coast Eagles,Geelong Cats,Optus Stadium,0,0.0738,-35.8,160.3,0.9262,13.558,1.08,6.25,1.12,0.152,36.5,171.5,-0.539,0.0374,0.7,-11.2,73.0,116.0,-43.0,189.0,0,0,1
2025-06-05,Western Bulldogs,Hawthorn Hawks,Marvel Stadium,0,0.3453,-15.5,154.2,0.6547,2.896,1.527,1.72,2.15,0.5556,-5.5,173.5,-0.4061,0.4077,-21.0,-19.3,59.0,81.0,-22.0,140.0,0,0,0
2025-06-06,Adelaide Crows,Brisbane Lions,Adelaide Oval,0,0.6962,12.4,144.2,0.6962,1.436,3.292,1.82,2.0,0.5236,-2.5,164.5,0.2671,-0.3924,9.9,-20.3,68.0,63.0,5.0,131.0,1,1,0
2025-06-07,Richmond Tigers,Sydney Swans,MCG,0,0.6582,-11.9,169.2,0.6582,1.519,2.926,4.2,1.23,0.2265,25.5,164.5,1.7644,-0.5796,13.6,4.7,36.0,80.0,-44.0,116.0,0,0,0
2025-06-07,Geelong Cats,Gold Coast Suns,GMHBA Stadium,0,0.7558,12.8,159.0,0.7558,1.323,4.095,1.4,3.0,0.6818,-16.5,180.5,0.0581,-0.2674,-3.7,-21.5,61.0,37.0,24.0,98.0,1,1,0
2025-06-07,Greater Western Sydney Giants,Port Adelaide Power,Manuka Oval,0,0.8414,22.4,162.7,0.8414,1.189,6.305,1.28,3.75,0.7455,-22.5,164.5,0.077,-0.4052,-0.1,-1.8,50.0,66.0,-16.0,116.0,0,0,0
2025-06-08,North Melbourne Kangaroos,West Coast Eagles,Hands Oval,0,0.6267,22.3,180.1,0.6267,1.596,2.679,1.65,2.25,0.5769,-7.5,166.5,0.0341,-0.1601,14.8,13.6,62.0,52.0,10.0,114.0,1,1,0
2025-06-08,Carlton Blues,Essendon Bombers,MCG,0,0.3986,13.4,163.5,0.6014,2.509,1.663,1.44,2.8,0.6604,-14.5,164.5,-0.426,0.6839,-1.1,-1.0,78.0,70.0,8.0,148.0,1,0,0
2025-06-09,Melbourne Demons,Collingwood Magpies,MCG,0,0.2742,-10.4,156.3,0.7258,3.646,1.378,3.0,1.4,0.3182,16.5,165.5,-0.1773,0.0161,6.1,-9.2,71.0,72.0,-1.0,143.0,0,1,0
2025-06-12,St Kilda Saints,Western Bulldogs,Marvel Stadium,0,0.79,16.1,180.0,0.79,1.266,4.763,3.5,1.31,0.2723,20.5,171.5,1.7651,-0.725,36.6,8.5,60.0,132.0,-72.0,192.0,0,0,1
2025-06-13,Hawthorn Hawks,Adelaide Crows,UTAS Stadium,0,0.4306,-4.0,163.5,0.5694,2.322,1.756,1.78,2.05,0.5352,-3.5,159.5,-0.2336,0.1673,-7.5,4.0,47.0,44.0,3.0,91.0,1,0,0
2025-06-14,Brisbane Lions,Greater Western Sydney Giants,Gabba,0,0.8844,25.2,165.2,0.8844,1.131,8.65,1.4,3.0,0.6818,-16.5,167.5,0.2382,-0.6532,8.7,-2.3,96.0,107.0,-11.0,203.0,0,0,1
2025-06-14,Essendon Bombers,Geelong Cats,MCG,0,0.3874,-2.7,170.3,0.6126,2.581,1.632,4.35,1.22,0.219,26.5,163.5,0.6853,-0.2527,23.8,6.8,56.0,151.0,-95.0,207.0,0,0,1
2025-06-14,North Melbourne Kangaroos,Fremantle Dockers,Optus Stadium,0,0.1635,-21.3,161.5,0.8365,6.116,1.195,4.8,1.19,0.1987,29.5,164.5,-0.2151,-0.0046,8.2,-3.0,67.0,73.0,-6.0,140.0,0,1,0
2025-06-15,Port Adelaide Power,Melbourne Demons,Adelaide Oval,0,0.4089,-14.5,162.3,0.5911,2.446,1.692,1.78,2.05,0.5352,-3.5,154.5,-0.2722,0.2118,-18.0,7.8,93.0,68.0,25.0,161.0,1,1,1
2025-06-15,West Coast Eagles,Carlton Blues,Optus Stadium,0,0.164,-27.8,159.7,0.836,6.099,1.196,4.0,1.25,0.2381,24.5,167.5,-0.3442,0.0451,-3.3,-7.8,52.0,86.0,-34.0,138.0,0,0,0
2025-06-19,Fremantle Dockers,Essendon Bombers,Optus Stadium,0,0.9477,29.2,146.7,0.9477,1.055,19.135,1.27,3.85,0.752,-23.5,156.5,0.2036,-0.7988,5.7,-9.8,104.0,63.0,41.0,167.0,1,1,1
2025-06-20,Geelong Cats,Brisbane Lions,GMHBA Stadium,0,0.4596,2.0,167.6,0.5404,2.176,1.85,1.52,2.55,0.6265,-11.5,166.5,-0.3014,0.378,-9.5,1.1,51.0,92.0,-41.0,143.0,0,0,0
2025-06-21,Carlton Blues,North Melbourne Kangaroos,MCG,0,0.8927,21.1,178.1,0.8927,1.12,9.321,1.23,4.2,0.7735,-25.5,165.5,0.098,-0.5494,-4.4,12.6,73.0,84.0,-11.0,157.0,0,0,0
2025-06-21,Port Adelaide Power,Sydney Swans,Adelaide Oval,0,0.7268,11.8,154.2,0.7268,1.376,3.66,1.62,2.3,0.5867,-8.5,168.5,0.1774,-0.3716,3.3,-14.3,52.0,71.0,-19.0,123.0,0,0,0
2025-06-21,Collingwood Magpies,St Kilda Saints,Marvel Stadium,0,0.8086,17.7,167.4,0.8086,1.237,5.225,1.23,4.2,0.7735,-25.5,168.5,-0.0054,-0.1962,-7.8,-1.1,108.0,74.0,34.0,182.0,1,1,1
2025-06-22,Greater Western Sydney Giants,Gold Coast Suns,ENGIE Stadium,0,0.7057,10.5,161.1,0.7057,1.417,3.398,1.72,2.15,0.5556,-5.5,160.5,0.2138,-0.3673,5.0,0.6,106.0,99.0,7.0,205.0,1,1,1
2025-06-22,Western Bulldogs,Richmond Tigers,Marvel Stadium,0,0.9785,42.1,170.5,0.9785,1.022,46.449,1.07,8.5,0.8882,-45.5,180.5,0.047,-0.817,-3.4,-10.0,135.0,56.0,79.0,191.0,1,1,1
2025-06-26,Port Adelaide Power,Carlton Blues,Adelaide Oval,0,0.392,-11.1,139.5,0.608,2.551,1.645,1.75,2.1,0.5455,-4.5,164.5,-0.314,0.2768,-15.6,-25.0,110.0,60.0,50.0,170.0,1,1,1
2025-06-27,Sydney Swans,Western Bulldogs,SCG,0,0.1526,-22.7,161.4,0.8474,6.552,1.18,2.5,1.54,0.3812,10.5,172.5,-0.6185,0.305,-12.2,-11.1,96.0,105.0,-9.0,201.0,0,1,1
2025-06-28,Gold Coast Suns,Melbourne Demons,People First Stadium,0,0.7353,6.2,141.0,0.7353,1.36,3.778,1.36,3.2,0.7018,-18.5,172.5,-0.0,-0.1529,-12.3,-31.5,104.0,85.0,19.0,189.0,1,1,1
2025-06-28,Hawthorn Hawks,North Melbourne Kangaroos,UTAS Stadium,0,0.5634,18.6,163.7,0.5634,1.775,2.291,1.153,5.5,0.8267,-32.5,157.5,-0.3504,1.4012,-13.9,6.2,150.0,65.0,85.0,215.0,1,1,1
2025-06-28,Collingwood Magpies,West Coast Eagles,Marvel Stadium,0,0.9835,76.6,195.5,0.9835,1.017,60.492,1.04,11.0,0.9136,-52.5,172.5,0.0228,-0.8182,24.1,23.0,88.0,59.0,29.0,147.0,1,0,0
2025-06-29,Fremantle Dockers,St Kilda Saints,Optus Stadium,0,0.9265,31.1,162.3,0.9265,1.079,13.601,1.28,3.75,0.7455,-22.5,166.5,0.1859,-0.7243,8.6,-4.2,81.0,69.0,12.0,150.0,1,0,0
2025-06-29,Richmond Tigers,Adelaide Crows,MCG,0,0.3732,7.7,160.2,0.6268,2.68,1.595,5.25,1.17,0.1822,30.5,174.5,0.9591,-0.2666,38.2,-14.3,54.0,122.0,-68.0,176.0,0,0,1
2025-07-03,North Melbourne Kangaroos,Western Bulldogs,Marvel Stadium,0,0.1686,-29.8,168.5,0.8314,5.93,1.203,5.25,1.17,0.1822,31.5,180.5,-0.1146,-0.0273,1.7,-12.0,85.0,134.0,-49.0,219.0,0,0,1
2025-07-04,West Coast Eagles,Greater Western Sydney Giants,Optus Stadium,0,0.1296,-23.5,169.2,0.8704,7.714,1.149,4.35,1.22,0.219,26.5,165.5,-0.4361,0.0619,3.0,3.7,52.0,111.0,-59.0,163.0,0,0,0
2025-07-04,Carlton Blues,Collingwood Magpies,MCG,0,0.3515,-8.7,144.4,0.6485,2.845,1.542,3.6,1.3,0.2653,21.5,160.5,0.2654,-0.1569,12.8,-16.1,59.0,115.0,-56.0,174.0,0,0,1
2025-07-05,Essendon Bombers,Gold Coast Suns,Marvel Stadium,0,0.4397,-27.8,163.0,0.5603,2.274,1.785,3.1,1.38,0.308,17.5,169.5,0.363,-0.2268,-10.3,-6.5,74.0,115.0,-41.0,189.0,0,0,1
2025-07-05,Geelong Cats,Richmond Tigers,GMHBA Stadium,0,0.9003,45.3,159.8,0.9003,1.111,10.032,1.03,12.0,0.921,-56.5,176.5,-0.0727,0.1962,-11.2,-16.7,124.0,52.0,72.0,176.0,1,1,0
2025-07-05,Brisbane Lions,Port Adelaide Power,Gabba,0,0.7183,7.5,165.1,0.7183,1.392,3.55,1.22,4.35,0.781,-26.5,168.5,-0.1236,0.2253,-19.0,-3.4,120.0,92.0,28.0,212.0,1,1,1
2025-07-05,St Kilda Saints,Hawthorn Hawks,Marvel Stadium,0,0.2121,-1.7,155.5,0.7879,4.714,1.269,3.0,1.4,0.3182,16.5,165.5,-0.3636,0.103,14.8,-10.0,74.0,94.0,-20.0,168.0,0,0,1
2025-07-06,Sydney Swans,Fremantle Dockers,SCG,0,0.4894,3.2,158.1,0.5106,2.043,1.958,1.78,2.05,0.5352,-3.5,153.5,-0.1289,0.0468,-0.3,4.6,94.0,83.0,11.0,177.0,1,1,1
2025-07-06,Adelaide Crows,Melbourne Demons,Adelaide Oval,0,0.7564,23.8,187.7,0.7564,1.322,4.105,1.28,3.75,0.7455,-22.5,170.5,-0.0318,-0.0864,1.3,17.2,90.0,77.0,13.0,167.0,1,0,0
2025-07-10,Carlton Blues,Brisbane Lions,Marvel Stadium,0,0.1928,-17.4,152.2,0.8072,5.188,1.239,3.2,1.36,0.2982,18.5,168.5,-0.3831,0.0978,1.1,-16.3,66.0,103.0,-37.0,169.0,0,0,1
2025-07-11,Gold Coast Suns,Collingwood Magpies,People First Stadium,0,0.2389,2.5,152.6,0.7611,4.187,1.314,2.1,1.75,0.4545,4.5,172.5,-0.4984,0.332,7.0,-19.9,69.0,63.0,6.0,132.0,1,1,0
2025-07-12,Western Bulldogs,Adelaide Crows,Marvel Stadium,0,0.7472,30.0,173.2,0.7472,1.338,3.955,1.65,2.25,0.5769,-7.5,179.5,0.2328,-0.4312,22.5,-6.3,98.0,109.0,-11.0,207.0,0,0,1
2025-07-12,Greater Western Sydney Giants,Geelong Cats,ENGIE Stadium,0,0.2939,-13.5,169.2,0.7061,3.402,1.416,2.1,1.75,0.4545,4.5,171.5,-0.3828,0.2357,-9.0,-2.3,111.0,85.0,26.0,196.0,1,1,1
2025-07-12,Fremantle Dockers,Hawthorn Hawks,Optus Stadium,0,0.6073,-5.3,165.9,0.6073,1.647,2.547,1.82,2.0,0.5236,-2.5,158.5,0.1054,-0.2147,-7.8,7.4,77.0,64.0,13.0,141.0,1,1,0
2025-07-12,Richmond Tigers,Essendon Bombers,MCG,0,0.4524,-10.6,159.1,0.5476,2.211,1.826,3.0,1.4,0.3182,16.5,164.5,0.3571,-0.2333,5.9,-5.4,46.0,37.0,9.0,83.0,1,1,0
2025-07-13,Melbourne Demons,North Melbourne Kangaroos,MCG,0,0.9138,23.8,165.1,0.9138,1.094,11.596,1.31,3.5,0.7277,-20.5,168.5,0.197,-0.6982,3.3,-3.4,119.0,83.0,36.0,202.0,1,1,1
2025-07-13,St Kilda Saints,Sydney Swans,Marvel Stadium,0,0.5707,-2.7,165.3,0.5707,1.752,2.329,2.1,1.75,0.4545,4.5,167.5,0.1984,-0.2487,1.8,-2.2,87.0,92.0,-5.0,179.0,0,0,1
2025-07-13,Port Adelaide Power,West Coast Eagles,Adelaide Oval,0,0.9145,46.5,180.1,0.9145,1.093,11.702,1.14,5.75,0.8345,-34.5,168.5,0.0426,-0.5086,12.0,11.6,87.0,61.0,26.0,148.0,1,0,0
2025-07-17,Essendon Bombers,Greater Western Sydney Giants,Marvel Stadium,0,0.4798,-13.2,148.9,0.5202,2.084,1.922,3.6,1.3,0.2653,21.5,172.5,0.7272,-0.3237,8.3,-23.6,56.0,104.0,-48.0,160.0,0,0,0
2025-07-18,Brisbane Lions,Western Bulldogs,Gabba,0,0.5547,-2.1,169.1,0.5547,1.803,2.246,1.68,2.2,0.567,-6.5,174.5,-0.0681,-0.0203,-8.6,-5.4,86.0,76.0,10.0,162.0,1,1,0
2025-07-19,Hawthorn Hawks,Port Adelaide Power,UTAS Stadium,0,0.6349,8.7,155.2,0.6349,1.575,2.739,1.31,3.5,0.7277,-20.5,156.5,-0.1683,0.2779,-11.8,-1.3,87.0,49.0,38.0,136.0,1,1,0
2025-07-19,Sydney Swans,North Melbourne Kangaroos,SCG,0,0.8384,34.8,156.8,0.8384,1.193,6.19,1.14,5.75,0.8345,-34.5,172.5,-0.0442,-0.0711,0.3,-15.7,84.0,53.0,31.0,137.0,1,0,0
2025-07-19,West Coast Eagles,Richmond Tigers,Optus Stadium,0,0.2423,-15.6,173.1,0.7577,4.128,1.32,1.65,2.25,0.5769,-7.5,160.5,-0.6002,0.7049,-23.1,12.6,56.0,105.0,-49.0,161.0,0,0,1
2025-07-19,Carlton Blues,Melbourne Demons,MCG,0,0.5227,-13.1,172.3,0.5227,1.913,2.095,1.97,1.85,0.4843,1.5,166.5,0.0297,-0.117,-11.6,5.8,78.0,70.0,8.0,148.0,1,1,0
2025-07-20,Geelong Cats,St Kilda Saints,GMHBA Stadium,0,0.5132,20.8,160.5,0.5132,1.949,2.054,1.14,5.75,0.8345,-33.5,169.5,-0.4149,1.799,-12.7,-9.0,113.0,82.0,31.0,195.0,1,0,1
2025-07-20,Collingwood Magpies,Fremantle Dockers,MCG,0,0.7046,12.0,163.6,0.7046,1.419,3.385,1.27,3.85,0.752,-23.5,161.5,-0.1052,0.1373,-11.5,2.1,78.0,79.0,-1.0,157.0,0,0,0
2025-07-20,Adelaide Crows,Gold Coast Suns,Adelaide Oval,0,0.7282,15.1,150.2,0.7282,1.373,3.679,1.44,2.8,0.6604,-14.5,175.5,0.0486,-0.2389,0.6,-25.3,107.0,46.0,61.0,153.0,1,1,0
2025-07-24,Hawthorn Hawks,Carlton Blues,MCG,0,0.8856,22.8,174.8,0.8856,1.129,8.74,1.2,4.6,0.7931,-28.5,163.5,0.0627,-0.4737,-5.7,11.3,85.0,61.0,24.0,146.0,1,0,0
2025-07-25,Essendon Bombers,Western Bulldogs,Marvel Stadium,0,0.1559,-20.9,136.2,0.8441,6.416,1.185,8.5,1.07,0.1118,44.5,175.5,0.3248,-0.0968,23.6,-39.3,50.0,143.0,-93.0,193.0,0,0,1
2025-07-25,Greater Western Sydney Giants,Sydney Swans,ENGIE Stadium,0,0.731,15.2,172.1,0.731,1.368,3.718,1.65,2.25,0.5769,-7.5,165.5,0.2062,-0.3948,7.7,6.6,102.0,58.0,44.0,160.0,1,1,0
2025-07-26,Gold Coast Suns,Brisbane Lions,People First Stadium,0,0.1725,-2.1,151.3,0.8275,5.799,1.208,2.05,1.78,0.4648,3.5,153.5,-0.6465,0.473,1.4,-2.2,130.0,64.0,66.0,194.0,1,1,1
2025-07-26,Fremantle Dockers,West Coast Eagles,Optus Stadium,0,0.9441,44.4,166.9,0.9441,1.059,17.897,1.09,7.5,0.8731,-40.5,163.5,0.0291,-0.5809,3.9,3.4,126.0,77.0,49.0,203.0,1,1,1
2025-07-26,North Melbourne Kangaroos,Geelong Cats,Marvel Stadium,0,0.0868,-32.8,155.0,0.9132,11.515,1.095,7.5,1.09,0.1269,40.5,177.5,-0.3487,-0.0047,7.7,-22.5,49.0,150.0,-101.0,199.0,0,0,1
2025-07-26,Adelaide Crows,Port Adelaide Power,Adelaide Oval,0,0.7607,15.7,160.3,0.7607,1.315,4.179,1.28,3.75,0.7455,-22.5,158.5,-0.0263,-0.1026,-6.8,1.8,133.0,35.0,98.0,168.0,1,1,1
2025-07-27,Richmond Tigers,Collingwood Magpies,MCG,0,0.2898,-40.1,164.6,0.7102,3.451,1.408,10.0,1.05,0.095,48.5,155.5,1.8978,-0.2543,8.4,9.1,57.0,93.0,-36.0,150.0,0,1,0
2025-07-27,St Kilda Saints,Melbourne Demons,Marvel Stadium,0,0.4929,10.2,151.8,0.5071,2.029,1.972,2.1,1.75,0.4545,4.5,169.5,0.035,-0.1125,14.7,-17.7,96.0,90.0,6.0,186.0,1,1,1
2025-07-31,Western Bulldogs,Greater Western Sydney Giants,Marvel Stadium,0,0.7623,25.3,152.4,0.7623,1.312,4.207,1.65,2.25,0.5769,-7.5,175.5,0.2578,-0.4652,17.8,-23.1,132.0,44.0,88.0,176.0,1,1,1
2025-08-01,Adelaide Crows,Hawthorn Hawks,Adelaide Oval,0,0.556,9.7,157.5,0.556,1.798,2.252,1.52,2.55,0.6265,-11.5,165.5,-0.1548,0.1321,-1.8,-8.0,101.0,87.0,14.0,188.0,1,1,1
2025-08-02,Melbourne Demons,West Coast Eagles,Marvel Stadium,0,0.9175,50.9,167.1,0.9175,1.09,12.125,1.11,6.5,0.8541,-37.5,173.5,0.0185,-0.4639,13.4,-6.4,139.0,56.0,83.0,195.0,1,1,1
2025-08-02,Gold Coast Suns,Richmond Tigers,People First Stadium,0,0.8662,63.1,156.9,0.8662,1.154,7.475,1.09,7.5,0.8731,-40.5,166.5,-0.0558,0.0034,22.6,-9.6,107.0,23.0,84.0,130.0,1,1,0
2025-08-02,Sydney Swans,Essendon Bombers,SCG,0,0.9565,64.7,157.4,0.9565,1.046,22.964,1.07,8.5,0.8882,-45.5,159.5,0.0234,-0.6299,19.2,-2.1,68.0,54.0,14.0,122.0,1,0,0
2025-08-02,Collingwood Magpies,Brisbane Lions,MCG,0,0.8564,4.9,173.5,0.8564,1.168,6.965,1.65,2.25,0.5769,-7.5,164.5,0.4131,-0.677,-2.6,9.0,65.0,92.0,-27.0,157.0,0,0,0
2025-08-03,St Kilda Saints,North Melbourne Kangaroos,Marvel Stadium,0,0.9771,36.0,164.8,0.9771,1.023,43.681,1.38,3.1,0.692,-17.5,175.5,0.3484,-0.929,18.5,-10.7,78.0,69.0,9.0,147.0,1,0,0
2025-08-03,Fremantle Dockers,Carlton Blues,Optus Stadium,0,0.9456,32.7,160.7,0.9456,1.058,18.388,1.21,4.5,0.7881,-27.5,159.5,0.1442,-0.7553,5.2,1.2,94.0,67.0,27.0,161.0,1,0,1
2025-08-03,Geelong Cats,Port Adelaide Power,GMHBA Stadium,0,0.902,41.7,161.9,0.902,1.109,10.206,1.17,5.25,0.8178,-31.5,176.5,0.0554,-0.4856,10.2,-14.6,153.0,65.0,88.0,218.0,1,1,1
2025-08-07,Hawthorn Hawks,Collingwood Magpies,MCG,0,0.3339,-27.0,151.9,0.6661,2.995,1.501,2.2,1.68,0.433,6.5,161.5,-0.2655,0.1191,-20.5,-9.6,110.0,46.0,64.0,156.0,1,1,0
2025-08-08,Geelong Cats,Essendon Bombers,GMHBA Stadium,0,0.7611,75.0,161.1,0.7611,1.314,4.187,1.015,17.0,0.9437,-62.5,182.5,-0.2274,3.0606,12.5,-21.4,109.0,65.0,44.0,174.0,1,0,0
2025-08-09,Richmond Tigers,St Kilda Saints,MCG,0,0.2064,-30.3,180.9,0.7936,4.846,1.26,3.0,1.4,0.3182,16.5,160.5,-0.3809,0.1111,-13.8,20.4,52.0,56.0,-4.0,108.0,0,1,0
2025-08-09,Brisbane Lions,Sydney Swans,Gabba,0,0.7857,21.1,166.9,0.7857,1.273,4.666,1.23,4.2,0.7735,-25.5,167.5,-0.0336,-0.0998,-4.4,-0.6,90.0,92.0,-2.0,182.0,0,0,1
2025-08-09,Carlton Blues,Gold Coast Suns,Marvel Stadium,0,0.307,1.3,177.6,0.693,3.257,1.443,3.2,1.36,0.2982,18.5,169.5,-0.0175,-0.0576,19.8,8.1,74.0,93.0,-19.0,167.0,0,0,0
2025-08-09,Port Adelaide Power,Fremantle Dockers,Adelaide Oval,0,0.5205,0.1,159.6,0.5205,1.921,2.086,3.1,1.38,0.308,17.5,166.5,0.6136,-0.3383,17.6,-6.9,86.0,92.0,-6.0,178.0,0,1,1
2025-08-10,Greater Western Sydney Giants,North Melbourne Kangaroos,Manuka Oval,0,0.9645,63.8,191.6,0.9645,1.037,28.173,1.04,11.0,0.9136,-52.5,165.5,0.0031,-0.6096,11.3,26.1,133.0,79.0,54.0,212.0,1,1,1
2025-08-10,West Coast Eagles,Adelaide Crows,Optus Stadium,0,0.0372,-44.6,173.9,0.9628,26.903,1.039,11.0,1.04,0.0864,52.5,173.5,-0.5911,0.0013,7.9,0.4,78.0,87.0,-9.0,165.0,0,1,0
2025-08-10,Melbourne Demons,Western Bulldogs,MCG,0,0.6586,0.4,159.2,0.6586,1.518,2.929,3.1,1.38,0.308,17.5,176.5,1.0416,-0.5288,17.9,-17.3,99.0,105.0,-6.0,204.0,0,1,1
2025-08-15,Fremantle Dockers,Brisbane Lions,Optus Stadium,0,0.469,-10.2,160.0,0.531,2.132,1.883,1.91,1.91,0.5,-1.5,167.5,-0.1042,0.0142,-11.7,-7.5,44.0,101.0,-57.0,145.0,0,0,0
2025-08-15,Essendon Bombers,St Kilda Saints,Marvel Stadium,0,0.5085,-0.2,153.0,0.5085,1.967,2.035,3.2,1.36,0.2982,18.5,168.5,0.6272,-0.3316,18.3,-15.5,75.0,77.0,-2.0,152.0,0,1,0
2025-08-16,Gold Coast Suns,Greater Western Sydney Giants,People First Stadium,0,0.6185,2.0,143.8,0.6185,1.617,2.621,1.5,2.6,0.6341,-12.5,174.5,-0.0722,-0.0081,-10.5,-30.7,76.0,111.0,-35.0,187.0,0,0,1
2025-08-16,Carlton Blues,Port Adelaide Power,Marvel Stadium,0,0.7779,24.9,161.6,0.7779,1.286,4.502,1.47,2.7,0.6475,-13.5,172.5,0.1435,-0.4002,11.4,-10.9,118.0,64.0,54.0,182.0,1,1,1
2025-08-16,Hawthorn Hawks,Melbourne Demons,MCG,0,0.6887,2.4,167.5,0.6887,1.452,3.212,1.38,3.1,0.692,-17.5,165.5,-0.0496,-0.035,-15.1,2.0,92.0,56.0,36.0,148.0,1,1,0
2025-08-16,Adelaide Crows,Collingwood Magpies,Adelaide Oval,0,0.5777,11.5,159.0,0.5777,1.731,2.368,1.52,2.55,0.6265,-11.5,164.5,-0.1219,0.0769,0.0,-5.5,59.0,56.0,3.0,115.0,1,0,0
2025-08-17,North Melbourne Kangaroos,Richmond Tigers,Ninja Stadium,0,0.2435,-9.0,167.0,0.7565,4.107,1.322,1.54,2.5,0.6188,-10.5,165.5,-0.625,0.8913,-19.5,1.5,135.0,87.0,48.0,222.0,1,1,1
2025-08-17,Sydney Swans,Geelong Cats,SCG,0,0.2167,-16.8,156.2,0.7833,4.614,1.277,3.35,1.333,0.2846,19.5,170.5,-0.2739,0.0441,2.7,-14.3,68.0,111.0,-43.0,179.0,0,0,1
2025-08-17,Western Bulldogs,West Coast Eagles,Marvel Stadium,0,0.9767,75.1,178.3,0.9767,1.024,42.842,1.006,23.0,0.9581,-70.5,180.5,-0.0175,-0.4631,4.6,-2.2,126.0,32.0,94.0,158.0,1,1,0
2025-08-21,Essendon Bombers,Carlton Blues,MCG,0,0.4414,-34.3,160.5,0.5586,2.265,1.79,3.5,1.31,0.2723,20.5,166.5,0.5451,-0.2683,-13.8,-6.0,56.0,90.0,-34.0,146.0,0,0,0
2025-08-22,Collingwood Magpies,Melbourne Demons,MCG,0,0.5453,-4.7,159.6,0.5453,1.834,2.199,1.38,3.1,0.692,-17.5,165.5,-0.2475,0.4095,-22.2,-5.9,82.0,76.0,6.0,158.0,1,0,0
2025-08-22,Port Adelaide Power,Gold Coast Suns,Adelaide Oval,0,0.1355,-26.9,150.1,0.8645,7.382,1.157,3.75,1.28,0.2545,22.5,171.5,-0.492,0.1066,-4.4,-21.4,71.0,67.0,4.0,138.0,1,1,0
2025-08-23,North Melbourne Kangaroos,Adelaide Crows,Marvel Stadium,0,0.1514,-7.5,180.1,0.8486,6.606,1.178,7.5,1.09,0.1269,41.5,178.5,0.1354,-0.075,34.0,1.6,100.0,113.0,-13.0,213.0,0,1,1
2025-08-23,Richmond Tigers,Geelong Cats,MCG,0,0.0671,-47.3,180.0,0.9329,14.903,1.072,11.0,1.04,0.0864,51.5,174.5,-0.2619,-0.0298,4.2,5.5,64.0,103.0,-39.0,167.0,0,1,0
2025-08-23,West Coast Eagles,Sydney Swans,Optus Stadium,0,0.0447,-62.3,172.2,0.9553,22.371,1.047,4.6,1.2,0.2069,28.5,165.5,-0.7944,0.1464,-33.8,6.7,51.0,118.0,-67.0,169.0,0,0,1
2025-08-24,Greater Western Sydney Giants,St Kilda Saints,ENGIE Stadium,0,0.8551,23.1,156.3,0.8551,1.169,6.904,1.25,4.0,0.7619,-24.5,173.5,0.0689,-0.4206,-1.4,-17.2,104.0,93.0,11.0,197.0,1,0,1
2025-08-24,Western Bulldogs,Fremantle Dockers,Marvel Stadium,0,0.8536,36.8,175.8,0.8536,1.172,6.829,1.42,2.9,0.6713,-15.5,172.5,0.2121,-0.5754,21.3,3.3,97.0,112.0,-15.0,209.0,0,0,1
2025-08-24,Brisbane Lions,Hawthorn Hawks,Gabba,0,0.7594,5.3,176.9,0.7594,1.317,4.157,1.52,2.55,0.6265,-11.5,165.5,0.1544,-0.3866,-6.2,11.4,89.0,79.0,10.0,168.0,1,0,1
2025-08-27,Gold Coast Suns,Essendon Bombers,People First Stadium,0,0.907,40.6,143.3,0.907,1.103,10.75,1.03,12.0,0.921,-55.5,168.5,-0.0658,0.1163,-14.9,-25.2,153.0,58.0,95.0,211.0,1,1,1
2025-09-04,Adelaide Crows,Collingwood Magpies,Adelaide Oval,1,0.6884,27.9,141.4,0.6884,1.453,3.21,1.54,2.5,0.6188,-10.5,160.5,0.0602,-0.2211,17.4,-19.1,55.0,79.0,-24.0,134.0,0,0,0
2025-09-05,Geelong Cats,Brisbane Lions,MCG,1,0.7602,15.8,194.0,0.7602,1.315,4.171,1.68,2.2,0.567,-6.5,170.5,0.2772,-0.4725,9.3,23.5,112.0,74.0,38.0,186.0,1,1,1
2025-09-06,Greater Western Sydney Giants,Hawthorn Hawks,ENGIE Stadium,1,0.5049,16.0,154.0,0.5049,1.98,2.02,1.75,2.1,0.5455,-4.5,169.5,-0.1163,0.0396,11.5,-15.5,88.0,107.0,-19.0,195.0,0,0,1
2025-09-06,Fremantle Dockers,Gold Coast Suns,Optus Stadium,1,0.8139,3.6,159.8,0.8139,1.229,5.372,1.52,2.55,0.6265,-11.5,168.5,0.2371,-0.5253,-7.9,-8.7,79.0,80.0,-1.0,159.0,0,0,0
2025-09-12,Adelaide Crows,Hawthorn Hawks,Adelaide Oval,1,0.5624,-0.6,144.8,0.5624,1.778,2.285,1.8,2.02,0.5288,-2.5,169.5,0.0124,-0.1161,-3.1,-24.7,67.0,101.0,-34.0,168.0,0,0,0
2025-09-13,Brisbane Lions,Gold Coast Suns,Gabba,1,0.7182,15.5,173.0,0.7182,1.392,3.549,1.48,2.65,0.6416,-13.5,169.5,0.063,-0.2533,2.0,3.5,100.0,47.0,53.0,147.0,1,1,0
2025-09-19,Geelong Cats,Hawthorn Hawks,MCG,1,0.6247,2.5,158.2,0.6247,1.601,2.665,1.56,2.45,0.611,-10.5,168.5,-0.0255,-0.0805,-8.0,-10.3,115.0,85.0,30.0,200.0,1,1,1
2025-09-20,Collingwood Magpies,Brisbane Lions,MCG,1,0.716,-13.5,159.3,0.716,1.397,3.522,1.7,2.18,0.5619,-5.5,161.5,0.2173,-0.381,-19.0,-2.2,71.0,100.0,-29.0,171.0,0,0,1
2025-09-27,Geelong Cats,Brisbane Lions,MCG,1,0.8283,21.9,166.1,0.8283,1.207,5.824,1.54,2.5,0.6188,-11.5,171.5,0.2756,-0.5707,10.4,-5.4,75.0,122.0,-47.0,197.0,0,0,1
